{"cameraMode":{"drawMode":0,"name":"Shaded","section":"Shading Mode"},"sceneLighting":false,"audioPlay":false,"sceneViewState":{"showFog":true,"showMaterialUpdate":false,"showSkybox":true,"showFlares":true,"showImageEffects":true,"showParticleSystems":true},"in2DMode":false,"pivot":{"x":-8.205885887145996,"y":-1.484576940536499,"z":6.630367279052734},"rotation":{"x":-0.09768380224704743,"y":0.6834176182746887,"z":-0.09304817020893097,"w":-0.7174540758132935},"size":29.893543243408204,"orthographic":false}