{"cameraMode":{"drawMode":0,"name":"Shaded","section":"Shading Mode"},"sceneLighting":false,"audioPlay":false,"sceneViewState":{"showFog":true,"showMaterialUpdate":false,"showSkybox":true,"showFlares":true,"showImageEffects":true,"showParticleSystems":true},"in2DMode":false,"pivot":{"x":-0.5464396476745606,"y":-1.5700000524520875,"z":46.9900016784668},"rotation":{"x":-0.14632056653499604,"y":0.4932411015033722,"z":-0.08457598090171814,"w":-0.8533173203468323},"size":73.10403442382813,"orthographic":false}