{"cameraMode":{"drawMode":0,"name":"Shaded","section":"Shading Mode"},"sceneLighting":false,"audioPlay":false,"sceneViewState":{"showFog":true,"showMaterialUpdate":true,"showSkybox":true,"showFlares":true,"showImageEffects":true,"showParticleSystems":true},"in2DMode":false,"pivot":{"x":33.81684875488281,"y":-26.15863800048828,"z":50.99838638305664},"rotation":{"x":0.1662895530462265,"y":0.6788303256034851,"z":-0.1620483547449112,"w":0.6966186761856079},"size":165.4053955078125,"orthographic":false}